data of edges
type, name, node start, node end, initial condition [SI], parameter [SI]
resistor, R0, n1, P1, 0.000e+00, 1.752e+09
resistor, R1, P1, Q1, 0.000e+00, 9.080e+09
resistor, R2, P2, Q2, 0.000e+00, 3.492e+09
resistor, R3, P3, Q3, 0.000e+00, 1.117e+09
resistor, R4, P4, Q4, 0.000e+00, 2.794e+08
capacitor, C1, P1, g, 0.000e+00, 3.738e-11
capacitor, C2, P2, g, 0.000e+00, 3.737e-12
capacitor, C3, P3, g, 0.000e+00, 1.113e-10
capacitor, C4, P4, g, 0.000e+00, 1.181e-09
inductor, L1, Q1, P2, 0.000e+00, 6.757e+06
inductor, L2, Q2, P3, 0.000e+00, 1.136e+06
inductor, L3, Q3, P4, 0.000e+00, 2.013e+06
inductor, L4, Q4, g, 0.000e+00, 2.241e+06

data of nodes
type, name, initial condition [SI]
node, n1, 1.000e+05
node, P1, 1.000e+05
node, P2, 1.000e+05
node, P3, 1.000e+05
node, P4, 1.000e+05
node, Q1, 1.000e+05
node, Q2, 1.000e+05
node, Q3, 1.000e+05
node, Q4, 1.000e+05
ground, g, 1.000e+05
